<?xml version="1.0" encoding="UTF-8" ?>
<!DOCTYPE mapper PUBLIC "-//mybatis.org//DTD Mapper 3.0//EN" "http://mybatis.org/dtd/mybatis-3-mapper.dtd" >
<mapper namespace="com.qcb.dao.OrdersMapper" >
  <resultMap id="BaseResultMap" type="com.qcb.entitys.Orders" >
    <id column="id" property="id" jdbcType="VARCHAR" />
    <result column="order_num" property="orderNum" jdbcType="VARCHAR" />
    <result column="order_status" property="orderStatus" jdbcType="VARCHAR" />
    <result column="order_amount" property="orderAmount" jdbcType="VARCHAR" />
    <result column="paid_amount" property="paidAmount" jdbcType="VARCHAR" />
    <result column="product_id" property="productId" jdbcType="VARCHAR" />
    <result column="buy_counts" property="buyCounts" jdbcType="INTEGER" />
    <result column="create_time" property="createTime" jdbcType="TIMESTAMP" />
    <result column="paid_time" property="paidTime" jdbcType="TIMESTAMP" />
  </resultMap>
  <sql id="Example_Where_Clause" >
    <where >
      <foreach collection="oredCriteria" item="criteria" separator="or" >
        <if test="criteria.valid" >
          <trim prefix="(" suffix=")" prefixOverrides="and" >
            <foreach collection="criteria.criteria" item="criterion" >
              <choose >
                <when test="criterion.noValue" >
                  and ${criterion.condition}
                </when>
                <when test="criterion.singleValue" >
                  and ${criterion.condition} #{criterion.value}
                </when>
                <when test="criterion.betweenValue" >
                  and ${criterion.condition} #{criterion.value} and #{criterion.secondValue}
                </when>
                <when test="criterion.listValue" >
                  and ${criterion.condition}
                  <foreach collection="criterion.value" item="listItem" open="(" close=")" separator="," >
                    #{listItem}
                  </foreach>
                </when>
              </choose>
            </foreach>
          </trim>
        </if>
      </foreach>
    </where>
  </sql>
  <sql id="Update_By_Example_Where_Clause" >
    <where >
      <foreach collection="example.oredCriteria" item="criteria" separator="or" >
        <if test="criteria.valid" >
          <trim prefix="(" suffix=")" prefixOverrides="and" >
            <foreach collection="criteria.criteria" item="criterion" >
              <choose >
                <when test="criterion.noValue" >
                  and ${criterion.condition}
                </when>
                <when test="criterion.singleValue" >
                  and ${criterion.condition} #{criterion.value}
                </when>
                <when test="criterion.betweenValue" >
                  and ${criterion.condition} #{criterion.value} and #{criterion.secondValue}
                </when>
                <when test="criterion.listValue" >
                  and ${criterion.condition}
                  <foreach collection="criterion.value" item="listItem" open="(" close=")" separator="," >
                    #{listItem}
                  </foreach>
                </when>
              </choose>
            </foreach>
          </trim>
        </if>
      </foreach>
    </where>
  </sql>
  <sql id="Base_Column_List" >
    id, order_num, order_status, order_amount, paid_amount, product_id, buy_counts, create_time, 
    paid_time
  </sql>
  <select id="selectByExample" resultMap="BaseResultMap" parameterType="com.qcb.entitys.OrdersExample" >
    select
    <if test="distinct" >
      distinct
    </if>
    <include refid="Base_Column_List" />
    from orders
    <if test="_parameter != null" >
      <include refid="Example_Where_Clause" />
    </if>
    <if test="orderByClause != null" >
      order by ${orderByClause}
    </if>
  </select>
  <select id="selectByPrimaryKey" resultMap="BaseResultMap" parameterType="java.lang.String" >
    select 
    <include refid="Base_Column_List" />
    from orders
    where id = #{id,jdbcType=VARCHAR}
  </select>
  <delete id="deleteByPrimaryKey" parameterType="java.lang.String" >
    delete from orders
    where id = #{id,jdbcType=VARCHAR}
  </delete>
  <delete id="deleteByExample" parameterType="com.qcb.entitys.OrdersExample" >
    delete from orders
    <if test="_parameter != null" >
      <include refid="Example_Where_Clause" />
    </if>
  </delete>
  <insert id="insert" parameterType="com.qcb.entitys.Orders" >
    insert into orders (id, order_num, order_status, 
      order_amount, paid_amount, product_id, 
      buy_counts, create_time, paid_time
      )
    values (#{id,jdbcType=VARCHAR}, #{orderNum,jdbcType=VARCHAR}, #{orderStatus,jdbcType=VARCHAR}, 
      #{orderAmount,jdbcType=VARCHAR}, #{paidAmount,jdbcType=VARCHAR}, #{productId,jdbcType=VARCHAR}, 
      #{buyCounts,jdbcType=INTEGER}, #{createTime,jdbcType=TIMESTAMP}, #{paidTime,jdbcType=TIMESTAMP}
      )
  </insert>
  <insert id="insertSelective" parameterType="com.qcb.entitys.Orders" >
    insert into orders
    <trim prefix="(" suffix=")" suffixOverrides="," >
      <if test="id != null" >
        id,
      </if>
      <if test="orderNum != null" >
        order_num,
      </if>
      <if test="orderStatus != null" >
        order_status,
      </if>
      <if test="orderAmount != null" >
        order_amount,
      </if>
      <if test="paidAmount != null" >
        paid_amount,
      </if>
      <if test="productId != null" >
        product_id,
      </if>
      <if test="buyCounts != null" >
        buy_counts,
      </if>
      <if test="createTime != null" >
        create_time,
      </if>
      <if test="paidTime != null" >
        paid_time,
      </if>
    </trim>
    <trim prefix="values (" suffix=")" suffixOverrides="," >
      <if test="id != null" >
        #{id,jdbcType=VARCHAR},
      </if>
      <if test="orderNum != null" >
        #{orderNum,jdbcType=VARCHAR},
      </if>
      <if test="orderStatus != null" >
        #{orderStatus,jdbcType=VARCHAR},
      </if>
      <if test="orderAmount != null" >
        #{orderAmount,jdbcType=VARCHAR},
      </if>
      <if test="paidAmount != null" >
        #{paidAmount,jdbcType=VARCHAR},
      </if>
      <if test="productId != null" >
        #{productId,jdbcType=VARCHAR},
      </if>
      <if test="buyCounts != null" >
        #{buyCounts,jdbcType=INTEGER},
      </if>
      <if test="createTime != null" >
        #{createTime,jdbcType=TIMESTAMP},
      </if>
      <if test="paidTime != null" >
        #{paidTime,jdbcType=TIMESTAMP},
      </if>
    </trim>
  </insert>
  <select id="countByExample" parameterType="com.qcb.entitys.OrdersExample" resultType="java.lang.Integer" >
    select count(*) from orders
    <if test="_parameter != null" >
      <include refid="Example_Where_Clause" />
    </if>
  </select>
  <update id="updateByExampleSelective" parameterType="map" >
    update orders
    <set >
      <if test="record.id != null" >
        id = #{record.id,jdbcType=VARCHAR},
      </if>
      <if test="record.orderNum != null" >
        order_num = #{record.orderNum,jdbcType=VARCHAR},
      </if>
      <if test="record.orderStatus != null" >
        order_status = #{record.orderStatus,jdbcType=VARCHAR},
      </if>
      <if test="record.orderAmount != null" >
        order_amount = #{record.orderAmount,jdbcType=VARCHAR},
      </if>
      <if test="record.paidAmount != null" >
        paid_amount = #{record.paidAmount,jdbcType=VARCHAR},
      </if>
      <if test="record.productId != null" >
        product_id = #{record.productId,jdbcType=VARCHAR},
      </if>
      <if test="record.buyCounts != null" >
        buy_counts = #{record.buyCounts,jdbcType=INTEGER},
      </if>
      <if test="record.createTime != null" >
        create_time = #{record.createTime,jdbcType=TIMESTAMP},
      </if>
      <if test="record.paidTime != null" >
        paid_time = #{record.paidTime,jdbcType=TIMESTAMP},
      </if>
    </set>
    <if test="_parameter != null" >
      <include refid="Update_By_Example_Where_Clause" />
    </if>
  </update>
  <update id="updateByExample" parameterType="map" >
    update orders
    set id = #{record.id,jdbcType=VARCHAR},
      order_num = #{record.orderNum,jdbcType=VARCHAR},
      order_status = #{record.orderStatus,jdbcType=VARCHAR},
      order_amount = #{record.orderAmount,jdbcType=VARCHAR},
      paid_amount = #{record.paidAmount,jdbcType=VARCHAR},
      product_id = #{record.productId,jdbcType=VARCHAR},
      buy_counts = #{record.buyCounts,jdbcType=INTEGER},
      create_time = #{record.createTime,jdbcType=TIMESTAMP},
      paid_time = #{record.paidTime,jdbcType=TIMESTAMP}
    <if test="_parameter != null" >
      <include refid="Update_By_Example_Where_Clause" />
    </if>
  </update>
  <update id="updateByPrimaryKeySelective" parameterType="com.qcb.entitys.Orders" >
    update orders
    <set >
      <if test="orderNum != null" >
        order_num = #{orderNum,jdbcType=VARCHAR},
      </if>
      <if test="orderStatus != null" >
        order_status = #{orderStatus,jdbcType=VARCHAR},
      </if>
      <if test="orderAmount != null" >
        order_amount = #{orderAmount,jdbcType=VARCHAR},
      </if>
      <if test="paidAmount != null" >
        paid_amount = #{paidAmount,jdbcType=VARCHAR},
      </if>
      <if test="productId != null" >
        product_id = #{productId,jdbcType=VARCHAR},
      </if>
      <if test="buyCounts != null" >
        buy_counts = #{buyCounts,jdbcType=INTEGER},
      </if>
      <if test="createTime != null" >
        create_time = #{createTime,jdbcType=TIMESTAMP},
      </if>
      <if test="paidTime != null" >
        paid_time = #{paidTime,jdbcType=TIMESTAMP},
      </if>
    </set>
    where id = #{id,jdbcType=VARCHAR}
  </update>
  <update id="updateByPrimaryKey" parameterType="com.qcb.entitys.Orders" >
    update orders
    set order_num = #{orderNum,jdbcType=VARCHAR},
      order_status = #{orderStatus,jdbcType=VARCHAR},
      order_amount = #{orderAmount,jdbcType=VARCHAR},
      paid_amount = #{paidAmount,jdbcType=VARCHAR},
      product_id = #{productId,jdbcType=VARCHAR},
      buy_counts = #{buyCounts,jdbcType=INTEGER},
      create_time = #{createTime,jdbcType=TIMESTAMP},
      paid_time = #{paidTime,jdbcType=TIMESTAMP}
    where id = #{id,jdbcType=VARCHAR}
  </update>
</mapper>